{"inference_id": "355537e4-819a-49bd-bcdb-00d4f4d6a588", "time": 0.05348340900036419, "image": {"width": 1562, "height": 1168}, "predictions": [{"x": 752.0, "y": 211.0, "width": 384.0, "height": 208.0, "confidence": 0.8468350172042847, "class": "cavity", "class_id": 0, "detection_id": "8bcf074a-7fab-4e84-b335-c4005f0c3e06"}, {"x": 882.0, "y": 916.5, "width": 292.0, "height": 273.0, "confidence": 0.8441396951675415, "class": "pa", "class_id": 1, "detection_id": "87deb704-6d69-4808-b60c-25b57eac35c8"}, {"x": 742.0, "y": 431.0, "width": 450.0, "height": 434.0, "confidence": 0.3637179732322693, "class": "cavity", "class_id": 0, "detection_id": "8689c73b-156d-4047-b307-462d0df275d4"}]}