{"inference_id": "24f62d8d-9237-4192-8c60-85338df9459d", "time": 0.04849284000010812, "image": {"width": 1562, "height": 1168}, "predictions": [{"x": 752.0, "y": 211.0, "width": 384.0, "height": 208.0, "confidence": 0.8468350172042847, "class": "cavity", "class_id": 0, "detection_id": "e216ac72-8769-475a-85d6-ab1b69845856"}, {"x": 882.0, "y": 916.5, "width": 292.0, "height": 273.0, "confidence": 0.8441396951675415, "class": "pa", "class_id": 1, "detection_id": "f7cde92c-99db-456b-9a50-3a7d7676962d"}, {"x": 742.0, "y": 431.0, "width": 450.0, "height": 434.0, "confidence": 0.3637179732322693, "class": "cavity", "class_id": 0, "detection_id": "fe7adaed-c37e-4813-995b-921ec205a1b0"}]}