{"inference_id": "edc96ffc-f52f-458b-aa55-99235a21cfb0", "time": 0.05783840999902168, "image": {"width": 1562, "height": 1168}, "predictions": [{"x": 871.5, "y": 213.5, "width": 119.0, "height": 113.0, "confidence": 0.6430658102035522, "class": "cavity", "class_id": 0, "detection_id": "53607531-66ad-40f5-ad31-ce28eea7dd04"}, {"x": 933.5, "y": 385.5, "width": 161.0, "height": 207.0, "confidence": 0.4351854920387268, "class": "cavity", "class_id": 0, "detection_id": "2d4acdb9-f544-48e9-8ce9-15188a3742e8"}, {"x": 736.5, "y": 146.5, "width": 99.0, "height": 119.0, "confidence": 0.31821537017822266, "class": "cavity", "class_id": 0, "detection_id": "8f7c574b-7a7f-4398-b320-9a06bc4f5aeb"}]}