{"inference_id": "4858a856-7338-40e2-b721-dacef203adc0", "time": 0.04866396499892289, "image": {"width": 1562, "height": 1168}, "predictions": [{"x": 752.0, "y": 211.0, "width": 384.0, "height": 208.0, "confidence": 0.8468350172042847, "class": "cavity", "class_id": 0, "detection_id": "3a25a8bb-5ff0-465b-8c89-1443cbed9e54"}, {"x": 882.0, "y": 916.5, "width": 292.0, "height": 273.0, "confidence": 0.8441396951675415, "class": "pa", "class_id": 1, "detection_id": "7ea8a7cf-97b5-4e78-bf5f-36161d3f4d0e"}, {"x": 742.0, "y": 431.0, "width": 450.0, "height": 434.0, "confidence": 0.3637179732322693, "class": "cavity", "class_id": 0, "detection_id": "7681110d-276a-4976-8133-58501f73b543"}]}