{"inference_id": "59f0ea2e-ee58-42fb-a41a-43eb95f3ce7b", "time": 0.05367189500066161, "image": {"width": 1562, "height": 1168}, "predictions": [{"x": 871.5, "y": 213.5, "width": 119.0, "height": 113.0, "confidence": 0.6430658102035522, "class": "cavity", "class_id": 0, "detection_id": "60d061d3-818e-4003-ae9b-4eeed11eb488"}, {"x": 933.5, "y": 385.5, "width": 161.0, "height": 207.0, "confidence": 0.4351854920387268, "class": "cavity", "class_id": 0, "detection_id": "a074d4dd-3a52-426f-9c9f-c0029e5e3968"}, {"x": 736.5, "y": 146.5, "width": 99.0, "height": 119.0, "confidence": 0.31821537017822266, "class": "cavity", "class_id": 0, "detection_id": "2f03e145-f924-4836-8471-18c79f341143"}]}