{"inference_id": "d08ca0ae-a42b-4fc0-884f-eb490b4f3bc1", "time": 0.0575927709996904, "image": {"width": 1562, "height": 1168}, "predictions": [{"x": 752.0, "y": 211.0, "width": 384.0, "height": 208.0, "confidence": 0.8468350172042847, "class": "cavity", "class_id": 0, "detection_id": "961e61f4-de76-4a08-86cc-6d91e784950e"}, {"x": 882.0, "y": 916.5, "width": 292.0, "height": 273.0, "confidence": 0.8441396951675415, "class": "pa", "class_id": 1, "detection_id": "6deffdcd-76ff-4bb9-bc00-00d3ee98647d"}, {"x": 742.0, "y": 431.0, "width": 450.0, "height": 434.0, "confidence": 0.3637179732322693, "class": "cavity", "class_id": 0, "detection_id": "a6691a73-7574-412a-9d55-1666c4df3f54"}]}