{"inference_id": "43f4ed1e-63ab-41bb-b87e-8fefb5aa9853", "time": 0.04856533299971488, "image": {"width": 1562, "height": 1168}, "predictions": [{"x": 871.5, "y": 213.5, "width": 119.0, "height": 113.0, "confidence": 0.6430658102035522, "class": "cavity", "class_id": 0, "detection_id": "f80bfe83-2901-488e-8ac8-b883d1f90999"}, {"x": 933.5, "y": 385.5, "width": 161.0, "height": 207.0, "confidence": 0.4351854920387268, "class": "cavity", "class_id": 0, "detection_id": "6c8b98e3-9979-4f94-9473-808876ddc00c"}, {"x": 736.5, "y": 146.5, "width": 99.0, "height": 119.0, "confidence": 0.31821537017822266, "class": "cavity", "class_id": 0, "detection_id": "1168ca7e-25e1-4f50-bd01-59d7232ac4c6"}]}