{"inference_id": "91381437-f294-4d15-be47-ca3ec8460c62", "time": 0.06128761499985558, "image": {"width": 1562, "height": 1168}, "predictions": [{"x": 752.0, "y": 211.0, "width": 384.0, "height": 208.0, "confidence": 0.8468350172042847, "class": "cavity", "class_id": 0, "detection_id": "f8fa1548-0773-49f8-88c4-e054cbe7c5f9"}, {"x": 882.0, "y": 916.5, "width": 292.0, "height": 273.0, "confidence": 0.8441396951675415, "class": "pa", "class_id": 1, "detection_id": "c4c36835-ba04-4045-8799-df6a5ea2cc8f"}, {"x": 742.0, "y": 431.0, "width": 450.0, "height": 434.0, "confidence": 0.3637179732322693, "class": "cavity", "class_id": 0, "detection_id": "efc257cb-81fb-4029-afa1-34ccc75bd5d4"}]}