{"inference_id": "ebb2c92a-7024-43fb-9f76-a0cbc6eb8f19", "time": 0.057759405999604496, "image": {"width": 1562, "height": 1168}, "predictions": [{"x": 752.0, "y": 211.0, "width": 384.0, "height": 208.0, "confidence": 0.8468350172042847, "class": "cavity", "class_id": 0, "detection_id": "6c622273-e031-4ff4-a892-350d77442c20"}, {"x": 882.0, "y": 916.5, "width": 292.0, "height": 273.0, "confidence": 0.8441396951675415, "class": "pa", "class_id": 1, "detection_id": "64db6601-b131-4928-842f-a9e01462308f"}, {"x": 742.0, "y": 431.0, "width": 450.0, "height": 434.0, "confidence": 0.3637179732322693, "class": "cavity", "class_id": 0, "detection_id": "39c28e9c-190d-44e3-a580-e62b6ea6347f"}]}