{"inference_id": "5343bd92-565a-4771-a1b7-0c5060cbc18d", "time": 0.044762088999959815, "image": {"width": 1562, "height": 1168}, "predictions": [{"x": 871.5, "y": 213.5, "width": 119.0, "height": 113.0, "confidence": 0.6430658102035522, "class": "cavity", "class_id": 0, "detection_id": "8908005b-11c1-47f4-a2cd-debb9f3687a2"}, {"x": 933.5, "y": 385.5, "width": 161.0, "height": 207.0, "confidence": 0.4351854920387268, "class": "cavity", "class_id": 0, "detection_id": "f7f392a7-6b90-4642-84e7-1af99a2c5e4e"}, {"x": 736.5, "y": 146.5, "width": 99.0, "height": 119.0, "confidence": 0.31821537017822266, "class": "cavity", "class_id": 0, "detection_id": "4e046599-e20c-421f-8bd9-2800dbbe49a4"}]}