{"inference_id": "d4c08a38-726c-404a-9200-40bd91de69b2", "time": 0.05973324400019919, "image": {"width": 1562, "height": 1168}, "predictions": [{"x": 752.0, "y": 211.0, "width": 384.0, "height": 208.0, "confidence": 0.8468350172042847, "class": "cavity", "class_id": 0, "detection_id": "8bdefc96-0a9b-458d-ab25-5209c8822d1f"}, {"x": 882.0, "y": 916.5, "width": 292.0, "height": 273.0, "confidence": 0.8441396951675415, "class": "pa", "class_id": 1, "detection_id": "fbc265a2-0693-4ce6-842c-2e96fc479c39"}, {"x": 742.0, "y": 431.0, "width": 450.0, "height": 434.0, "confidence": 0.3637179732322693, "class": "cavity", "class_id": 0, "detection_id": "20de79ab-3c5b-4f17-b987-957e90b36fbd"}]}