{"inference_id": "5e3f125c-a9f9-4ab1-8abd-801faf2af2f3", "time": 0.05242722700131708, "image": {"width": 1562, "height": 1168}, "predictions": [{"x": 752.0, "y": 211.0, "width": 384.0, "height": 208.0, "confidence": 0.8468350172042847, "class": "cavity", "class_id": 0, "detection_id": "f478b235-2ed4-47a9-b963-a1fa0c904895"}, {"x": 882.0, "y": 916.5, "width": 292.0, "height": 273.0, "confidence": 0.8441396951675415, "class": "pa", "class_id": 1, "detection_id": "9ac7aa71-26b4-4a6d-8740-8e951bdd72e1"}, {"x": 742.0, "y": 431.0, "width": 450.0, "height": 434.0, "confidence": 0.3637179732322693, "class": "cavity", "class_id": 0, "detection_id": "47a9df7b-22b8-4d18-ba88-f79d0d0f7deb"}]}