{"inference_id": "2d0efe60-8a19-4665-af26-362d4e2c75a1", "time": 0.06374061000042275, "image": {"width": 1562, "height": 1168}, "predictions": [{"x": 752.0, "y": 211.0, "width": 384.0, "height": 208.0, "confidence": 0.8468350172042847, "class": "cavity", "class_id": 0, "detection_id": "680ae2eb-772a-45a9-82d4-31687499decc"}, {"x": 882.0, "y": 916.5, "width": 292.0, "height": 273.0, "confidence": 0.8441396951675415, "class": "pa", "class_id": 1, "detection_id": "304bdce7-1550-4221-a824-a52fb0d00a8d"}, {"x": 742.0, "y": 431.0, "width": 450.0, "height": 434.0, "confidence": 0.3637179732322693, "class": "cavity", "class_id": 0, "detection_id": "fa019789-3647-4f02-9b75-f8db8972158b"}]}